agent_id,agent_name,agent_email
50,Agent_1,agent_Agent_1@example.com
49,Agent_2,agent_Agent_2@example.com
2,Agent_3,agent_Agent_3@example.com
14,Agent_4,agent_Agent_4@example.com
48,Agent_5,agent_Agent_5@example.com
40,Agent_6,agent_Agent_6@example.com
45,Agent_7,agent_Agent_7@example.com
9,Agent_8,agent_Agent_8@example.com
28,Agent_9,agent_Agent_9@example.com
33,Agent_10,agent_Agent_10@example.com
44,Agent_11,agent_Agent_11@example.com
35,Agent_12,agent_Agent_12@example.com
16,Agent_13,agent_Agent_13@example.com
6,Agent_14,agent_Agent_14@example.com
46,Agent_15,agent_Agent_15@example.com
22,Agent_16,agent_Agent_16@example.com
29,Agent_17,agent_Agent_17@example.com
12,Agent_18,agent_Agent_18@example.com
7,Agent_19,agent_Agent_19@example.com
11,Agent_20,agent_Agent_20@example.com
26,Agent_21,agent_Agent_21@example.com
30,Agent_22,agent_Agent_22@example.com
25,Agent_23,agent_Agent_23@example.com
4,Agent_24,agent_Agent_24@example.com
37,Agent_25,agent_Agent_25@example.com
15,Agent_26,agent_Agent_26@example.com
10,Agent_27,agent_Agent_27@example.com
31,Agent_28,agent_Agent_28@example.com
38,Agent_29,agent_Agent_29@example.com
47,Agent_30,agent_Agent_30@example.com
5,Agent_31,agent_Agent_31@example.com
23,Agent_32,agent_Agent_32@example.com
13,Agent_33,agent_Agent_33@example.com
8,Agent_34,agent_Agent_34@example.com
24,Agent_35,agent_Agent_35@example.com
41,Agent_36,agent_Agent_36@example.com
1,Agent_37,agent_Agent_37@example.com
19,Agent_38,agent_Agent_38@example.com
17,Agent_39,agent_Agent_39@example.com
18,Agent_40,agent_Agent_40@example.com
27,Agent_41,agent_Agent_41@example.com
42,Agent_42,agent_Agent_42@example.com
43,Agent_43,agent_Agent_43@example.com
20,Agent_44,agent_Agent_44@example.com
34,Agent_45,agent_Agent_45@example.com
21,Agent_46,agent_Agent_46@example.com
36,Agent_47,agent_Agent_47@example.com
39,Agent_48,agent_Agent_48@example.com
3,Agent_49,agent_Agent_49@example.com
32,Agent_50,agent_Agent_50@example.com
