customer_id,name,email,phone_number,address
6fb78271-504d-481f-8953-5b63ba81edd9,Nicholas Beard,christopher88@example.org,(479)637-6392x836,"1166 Barbara Roads Apt. 270, North Robert, WV 73190"
65bcc272-fadd-4ea3-aca5-e2fdb966442a,Hannah Smith,cwilson@example.org,592.430.4660x012,"23296 Michael Crossroad, Lake Rebeccaside, VT 49556"
6c307511-b2b9-437a-a8df-6ec4ce4a2bbd,Christopher Powers,tammycurry@example.com,3146556168,"458 Warren Square, New Brian, OK 96147"
b09b2a5c-badc-432a-8159-0f538a0f4efb,Andrew Nielsen,rachelbrown@example.net,001-484-866-8455x048,"997 Barron Tunnel, Roweport, CO 05346"
5f18e583-f0b6-483f-a377-f6f1d289f0ab,Julie Pearson,vwilliams@example.org,+1-762-759-0841x9478,"PSC 1137, Box 5358, APO AE 93059"
3a3c8a71-ff57-4e2b-8991-ab9bebc2026f,Riley Davenport,martinlisa@example.net,466-552-7523x328,"56913 Natalie Forks, East Jameschester, NH 58300"
1f115b76-d92c-4227-aadf-50853fcb7546,Christopher Jones,gchambers@example.com,682-531-3348x45871,"2362 Chelsea Estate, Suefort, SD 78518"
696608aa-ee49-4329-884a-7b28550a1b46,Curtis Torres,ashley78@example.org,(861)828-7585x7567,"1294 Betty Landing, New Amy, OK 38950"
e5d6f6e6-9a6e-42f5-8cc4-29038bcf53a1,Jonathan Hartman,kelli08@example.org,214.299.8250,"Unit 6358 Box 0688, DPO AE 67183"
23b8c1e9-3924-46de-beb1-3b9046685257,James Hamilton,kathleencastillo@example.org,369.338.9833x1465,"5355 Kayla Extension Suite 979, South Brady, GU 31104"
787f2425-dbcc-4477-89e9-db0adf465290,Christopher Mason,michaelmccarthy@example.com,812.925.9572x44617,"884 Heidi Radial, Breannafurt, CA 06389"
3d85de89-c217-4429-8e20-07247d137018,Tiffany Norton,kayla07@example.net,488.541.3685,"53701 Sarah Street Suite 244, Martinchester, IL 96073"
c51155ff-e7a3-4e81-a3b4-c08b6b8e869f,Kyle Mcdowell,jphelps@example.net,285-562-6149x91537,"73333 Wong Forge Apt. 043, Port Cherylmouth, MT 73419"
402913ec-9ef2-493e-b0ac-7d7ba2f963a3,Aaron Sloan,gregory16@example.com,616-810-1975x358,"1038 Derek Forest, West Douglaschester, IL 55842"
61a11729-3cb9-4350-9b4d-a0fe7bb38605,Ronald Lam,smithjohn@example.org,+1-521-717-3277x26488,"522 Jackson Ville Suite 251, Wilsonhaven, MD 64628"
43b9da13-ec85-4f37-bbc1-a987aff8754d,Katrina Bird,amber59@example.com,(759)242-8249x116,"02453 Charles Freeway, Lake Natalie, FM 15670"
14fcdd54-9e8f-4965-8a2c-827e98326856,Megan Kramer,iwoods@example.com,7825226940,"727 Lindsey Parkway Suite 468, West Cynthia, CO 40564"
ce777f00-ecf2-4e76-8519-7ff4006ed6e3,Barbara Oneal,ibaker@example.com,001-315-713-1528x5478,"1853 Stacy Road, East Derrickfurt, VI 29364"
aa38d0a1-6ba2-4efe-b11c-6eb62095eef6,Christine Mendez,april47@example.com,452.428.7056,"3318 Rivera Circle, Wheelerland, MI 83907"
a34db7c5-760d-4bbb-bb70-b3a124a35cf2,Shannon Thompson,nicolemason@example.com,+1-333-576-1851x86267,"01328 James Fork Apt. 188, West Rachael, NH 97123"
956269f0-e5d7-4875-adad-d6c795a76d79,Tina Daugherty,ulee@example.net,+1-780-756-2656x504,"137 Lara Heights Apt. 662, East Jaredfort, VI 69353"
19b17e80-dea4-4e17-94fd-9ad39716108e,Jonathan Moyer,mariagonzalez@example.org,507-412-6158,"648 Chan Neck Apt. 574, East Jason, IL 91052"
965befdf-6b4b-4411-8a4a-0e2df22b5b98,Katherine Lawson,krodriguez@example.org,001-242-798-5144x86983,"9039 Jacob Falls, Cooleyshire, WY 72537"
698c206f-e1a4-4e10-ad53-4dd0cf8ebc5a,Joseph Cooper,hamiltonspencer@example.com,910-672-7284x9824,"70349 Brian Inlet Apt. 650, West Devinport, WY 66298"
0f44704f-1247-4a4e-a469-98e8d39e198b,Kimberly Flores,joseph17@example.net,+1-977-332-6430x9544,"970 Ashley Mill Apt. 205, Lake Rachel, NH 69575"
1327f1bc-2784-478f-b84f-16b3a79fbfaf,Dakota Sanchez,nbullock@example.com,889.976.0987x312,"PSC 3192, Box 2760, APO AA 44949"
2e183554-cae2-4e66-ae8a-781390e0a95b,Kenneth York,janetmoore@example.net,322-712-1548,"687 Evans Branch Apt. 918, Joseside, AR 51548"
8db06746-7927-4973-9e78-1fd794e0d3ba,Susan Barrett,woodardkaren@example.org,261-954-0211x9017,"142 Christopher Extension Apt. 910, Robinsonberg, GA 97214"
a28defe3-9bf0-4273-9247-6f57a5e5a5ab,Tasha Ortega,edward56@example.net,2878766183,"USCGC Martinez, FPO AP 47545"
2a96e1e2-7194-4ae2-99ba-d7aedf615a5c,Shane Brown,leviwilliams@example.net,001-556-968-4482x373,"12110 Alyssa Passage, East Heidiside, MT 97854"
dc713d96-0c0f-4195-817a-f08a1745d6d8,Denise Wolfe,cody95@example.org,3285457652,"89888 Robert Club, Port Davidtown, NJ 46141"
2303f6c6-d69d-42f1-ae4c-84ffa8c01f05,Ronald Murphy,ftaylor@example.org,543.606.8811x640,"USS Hunter, FPO AE 72377"
0ba6eab9-4639-447b-a067-bdac88bd13d1,Joseph Tate,gregoryhines@example.net,+1-205-267-0867x009,"5515 Moreno Lodge, Hartbury, MT 20066"
b07aa066-7354-45ea-a894-9b8d00af5b3a,Robert Phillips,cynthiaanderson@example.net,001-394-763-3891x5624,"725 Jackson Ports Apt. 693, West Alyssa, WY 90473"
de8ede0b-a85c-4e4a-804b-6fabfcf56188,Valerie Reid,tonya82@example.com,(218)238-5454,"4547 Singh Ways Apt. 112, East Sarah, NV 37917"
310c0c00-3fa7-4104-9bf9-0e27dc96925e,Jonathan Payne,hartmansara@example.org,615-608-3535,"92840 Campbell Key Suite 690, Valdezberg, VI 52602"
87f7e1fb-da4b-49ca-ab5c-f46780bacd64,Chad Dominguez,phyllis33@example.net,205.391.2662,"01859 Booker Road Suite 301, South Tracy, UT 78640"
8eb22579-0cdb-4ca4-b6ec-bdd68498e113,Jeffrey Stein,mwaters@example.net,+1-697-604-6947x2587,"4884 Rodriguez Throughway, South Adam, MH 67288"
30a900ad-939b-462d-a645-f129629c2ae3,Leah Wilkins,hernandezalan@example.net,(976)757-2894x134,"5652 Bobby Street Apt. 684, Coryport, GA 16039"
28f49481-a0a0-4dc4-a720-9bdf1c11f735,Jack Montoya,gerald40@example.net,332-823-4232,"07603 Antonio Shoals, South Davidview, AZ 09184"
f72169bb-8096-4718-a051-acef097a1e10,Luis Wilcox,reneehernandez@example.org,+1-573-793-8992x0457,"6185 Terrence Course, New Theresaton, NY 25068"
96a9954f-dc33-41f9-8c1f-55ab715629ee,Brandon Anderson,michael23@example.com,(217)881-7032x1192,"85277 Bennett Field Apt. 718, Kurtshire, AR 95657"
2d174fc9-6f7c-45ea-a72a-6d8eb5122df8,Lisa Watson,burkeholly@example.com,(663)535-5643,"93170 Armstrong Lake Suite 076, Blankenshipland, NE 33914"
b8db0672-f42d-47cc-80d4-af5974273ca3,Megan Kelley,burtonzachary@example.org,001-273-574-8969,"24665 Cynthia Vista, Adamsport, SD 21549"
90b2b633-956b-4c0c-a849-9b926b5252e3,Erik Davis,jonesjohn@example.org,(490)914-8706,"0930 Park Summit, Johnhaven, TX 80349"
ce9e1a11-fcbb-4e59-bbdd-cf7c9c96e9ec,Courtney Huber MD,gilbertdavid@example.org,8924268592,"PSC 4945, Box 1475, APO AA 93733"
759cde66-bacf-43d0-8b1f-9163ce9ff57f,Corey Hill,kendra14@example.org,(741)709-8813,"321 Austin Junction Suite 020, Bergerton, CT 50780"
bf3c4c06-4343-48bc-89fa-6a688fb5d27b,Theresa Reilly,adamrodgers@example.net,347-649-2975x17028,"5150 Brandy Forges, Jamesland, ND 58888"
03c72ba8-d605-4770-8a63-f881ffd0f9d5,Caroline Powers,byrderic@example.com,(830)683-7081,"63353 Christopher Manor, North Matthewborough, TX 88181"
8dcdcd03-969b-4662-8562-8059568cc69b,Julia Cole,uhernandez@example.com,299-966-3658,"09481 James River, New Aimeefort, NY 02947"
f6b751f7-9b74-4245-9b1b-c8952af43ab7,Heather Brown,ashleywilkerson@example.com,980.840.3253,"9277 Norton Shores Apt. 191, Port Anthonyton, PR 01970"
722764e6-8c41-461b-a827-a1b9d4a02e53,Brittany Mejia,kylegarcia@example.net,+1-402-885-1553x334,"Unit 3350 Box 2716, DPO AE 58690"
ff37d19c-2e76-428b-8735-44f9ea83bf00,Jamie Miller,pdavis@example.net,428-979-4296,"704 Brianna Forks Apt. 419, Rodriguezchester, AZ 65297"
670acc5c-b321-4f21-8dd8-eb85b04d3376,Nichole Davis,reyesdan@example.org,5195072587,"PSC 3049, Box 3665, APO AE 70775"
bf0d073d-821c-4336-9970-cf60ebff8d15,Michael Riley,ramirezdavid@example.org,660.389.4118,"USNV Gilmore, FPO AP 23341"
3e2b6091-a092-452a-94a0-57a7b0cc1b3b,Dana Riggs,morrisangela@example.net,439.961.0290x871,"049 Helen Overpass Apt. 742, West Carolynchester, DE 90522"
5738811d-70c2-403f-ba8d-03aa782a65e0,Charles Garcia,dawsonshawn@example.com,001-818-709-3391x3732,"Unit 0601 Box 1987, DPO AA 51532"
b227462c-f53d-4330-8dda-24ba2d06e8cf,Marilyn Sanchez,mthompson@example.com,+1-541-531-2840,"1805 James Crescent Suite 173, New Bridgetfort, ME 75124"
1d34d08e-7a4c-45d4-9c99-e04cf0e98b3b,Larry Stokes,daniel43@example.org,(487)350-9263x2239,"5611 Peck Square Suite 288, Shepardton, MP 48582"
7c967f79-b7e9-4aca-a970-65e18e46d534,Tyler Ortega,davisalexa@example.org,(598)747-7596x5555,"055 Aaron Ways Suite 209, Port Alyssabury, MN 59734"
dd750e98-90e0-495f-8212-b554464458b4,Karen Ray,marissasutton@example.com,(411)689-6844,"979 Kim Points Suite 759, Karenberg, NC 97742"
05000bc6-b20d-4b6e-b231-1f1795863a76,Laura Gutierrez,yburton@example.net,754-565-5358x512,"87851 Jennifer Stravenue, South Joseph, MP 07474"
899ca782-e323-4d1a-bc1b-dacc18e19331,Matthew Bennett,douglasdougherty@example.net,453.586.7625,"PSC 6879, Box 0604, APO AP 69093"
81d2c7de-4ce1-4b90-a669-7833b841d0a0,Willie Luna,kathryn17@example.org,001-606-737-5791,"82379 Christopher Lodge, Millsshire, WV 30966"
d664d264-4c6e-47ff-b9de-7a3a486822b9,Robert Wilkinson,jenniferpierce@example.org,362.919.2158,"161 Wesley Forest Suite 588, Lake Briannamouth, OK 98755"
6553867d-a881-4fd3-947d-577bfa5a91ca,Jose Boyer,roger73@example.com,667-517-7629x691,"99946 Green Junctions Apt. 999, Lake Benjaminton, ND 78564"
11df12d7-dd30-4e89-a2f2-35f2e11b868d,Heather Wolf,reginaparks@example.com,(205)261-0067,"018 Love Neck Suite 037, Heatherberg, VT 29049"
ae9bec36-35c7-436c-9b99-62c6e61fecc0,Cameron Atkins,qwalsh@example.org,783.597.7457x31441,"117 Jason Skyway, South Lori, ID 64417"
40a26c60-0d27-4659-b72a-da9b2f32751e,Tyler Garrison,smithjack@example.org,2915561829,"7449 Susan Mall Apt. 936, Chelseastad, DC 08095"
fc377a4c-4a15-444d-85e7-ce8a3a578a8e,Jonathan Jenkins,arthur09@example.com,001-351-597-1284x781,"894 Rebecca Place, South Shawnfort, OK 96683"
c074718e-425a-409f-b337-c59979844388,Tracy Copeland,pbautista@example.com,516.470.4502,"227 Bruce Unions, Port Jodi, LA 49220"
6090d697-8b1e-4b9d-834b-9fbb8d4a75b8,Tina Robinson,bakermegan@example.net,+1-341-596-6229,"USCGC Tucker, FPO AP 07824"
61ee411a-1bac-47a7-b386-f7a4c991603f,Kevin Richardson,peter17@example.com,(220)747-1960x94097,"USCGC Khan, FPO AA 36795"
c88a618e-fed4-457d-bb02-6576f512c4c3,James Padilla,tomshaw@example.org,393.423.0234x679,"1415 Brenda Neck, Chambersville, AL 08503"
1d9af659-82ec-4f2d-bbf6-e16f9b3080d5,Julie Garcia,bassandrew@example.org,528-686-6526,"991 Charles Knoll Suite 676, Katherineberg, VA 24546"
680bac63-b856-4035-bdc9-829015eabb27,Traci Brown,mhickman@example.net,659.837.4403,"37360 Williams Club, Amandaside, MT 02643"
96ef2ad6-b97e-4703-86c8-adfe7bf47042,Katherine Gay,gclay@example.org,293.694.0655x78201,"02333 Kenneth Circle, Perezberg, AZ 15951"
9c07a751-1437-4509-acd1-586a2b840c67,Eric Anderson,williamspaul@example.net,377.887.3585x66464,"2192 Stokes Fall, East Isaacport, UT 08884"
504867ba-bf7b-439b-8f9a-ea4b8acd4e10,Chelsea Mcmahon,david56@example.net,001-504-309-8366x5528,"2437 Hernandez Haven Apt. 095, Wayneville, KY 93106"
afffcfd2-341e-440b-97c7-00aab7b56ea7,Lisa Mills PhD,vfloyd@example.com,(996)306-3399x129,"8171 Edwards Hill, North Joshua, MN 46817"
11c58ef0-dd46-4c09-8752-87aa5408f9ac,Shannon Fleming,tranbrett@example.com,001-526-768-2171x955,"31903 Burgess Valley, Port Alexisbury, GU 07956"
9918ee46-1497-4658-b010-f7197e695d0d,Laura Reed,xcolon@example.org,771.724.3658,"04120 Veronica Center, Martinezburgh, NJ 30753"
7135f221-a6c9-437f-84da-d06a7872bdeb,Monica Medina,sarah80@example.org,+1-764-548-2217,"570 Bryan Burg Suite 806, Floresland, MP 24071"
cfa701cd-2631-400b-a6d7-94d30db95301,Jocelyn Benson,romerovictoria@example.net,001-814-849-2074x926,"997 Pamela Hill Apt. 859, Walshshire, IA 19759"
9132b63e-f162-47e4-a9c3-49e03602f8ac,Karen Yates,chavezjohn@example.net,001-206-932-5431x07427,"625 Padilla Alley, South Patriciamouth, NC 04788"
de9e3757-5260-401e-aecf-67d2749176f4,Justin Richardson,zskinner@example.com,001-606-636-2198x65504,"6634 Jennifer Port, Cooperport, SD 79736"
3270e4fa-abae-4f43-bcae-8081bdf070aa,Howard Castillo,robinsonsydney@example.com,(975)836-1275x15627,"4836 Anna Islands, Emilychester, MO 58428"
db23aa8c-3bca-4f85-a20a-60ac9261549d,Eric Hoover,barrettashley@example.com,733-585-3247x250,"03115 Sullivan Landing Suite 576, Victormouth, MO 77417"
9f044aed-7552-4327-8262-7f7312922f83,Melanie Townsend,markfigueroa@example.com,001-398-295-3439x6112,"71189 Turner Mountains, New Jennifer, AZ 17256"
9f871ce7-5487-4d4f-abb7-a385aa0b7b14,Christopher Nichols,kellymartin@example.com,463-683-0008x18670,"304 Lisa Lane, Andersonview, VI 11631"
03802b70-8d03-491e-8f8d-5238288b78b5,Victor Boyd,omarturner@example.org,+1-709-352-1755,"1274 Guzman Tunnel Apt. 188, West Christopher, VT 78124"
3c07c574-4925-4af1-b6aa-e05b13d5f2f7,Charlotte Peterson DVM,qalvarado@example.com,001-684-415-6082x13711,"6818 Raymond Pass Apt. 230, Lake Julie, NC 79266"
7250ee18-260a-4962-9d81-b7f57d5911c6,Sara Perez,briandavis@example.com,443.228.1165x9930,"42322 Jimenez Vista, Lake Nancy, IA 49381"
059dd55d-4b94-4e30-b303-f438fe2110d0,Daniel Miller,barkerjohn@example.net,992.960.8788x28152,"625 Lawrence Crossing Suite 465, West Jessica, NJ 67591"
da743152-627b-41a1-bfd6-f23232ffe294,Evelyn Lewis,scott04@example.com,476-348-4559x3965,"350 Rivas Dam, Masonstad, IL 13821"
09cb3942-43f5-4a85-bbc9-f87af668a617,Douglas Johnson,matthew65@example.com,790-725-0429x0193,"USCGC Rivas, FPO AE 86623"
48603b32-b4fb-4eb9-89c1-3de73b4206c5,David Leon,robersonjason@example.com,554-471-5531,"7813 West Island, North Susanview, PR 20120"
43bfd931-3605-4f54-a021-c0ca3531968d,Melanie Young,krista02@example.org,6504938694,"988 Deborah Haven Suite 788, Riverston, UT 86331"
0964fbbf-8cd3-41b0-82b0-1cfdd045dd1c,Mr. Kristopher Curtis,lindsay48@example.net,820-246-6489x667,"2045 Grimes Overpass Suite 580, Pattonport, WI 42304"
989bc4da-9b37-422b-aa8a-616fc3b290d0,Ronald Smith,gstokes@example.net,+1-523-685-9514x34682,"002 Goodwin Alley Apt. 869, Solomonfurt, CA 07729"
3ae909fe-cc82-48da-8696-f5e64944051b,Joseph Garcia,williamsmark@example.org,937-336-1587x3662,"969 Jason Garden Apt. 058, Theresachester, CO 48567"
f8cda88b-436d-46e2-b83c-fe0be037e5ed,Kyle Sullivan,hernandezanthony@example.com,678.466.0324x204,"700 Lee Hills, South Pennyland, MO 95427"
5cb85aed-f5f6-4c97-aefb-63b11b049863,Andrew Keller,smithmatthew@example.net,001-544-463-3399x9485,"26389 Stephanie Course Suite 711, Port Richard, IA 60729"
5cec4eb5-edd9-4831-9ca3-5cfb04fc6d82,John Martin,fgraham@example.org,658.477.7121x513,"939 Alicia Ports Apt. 613, Rhodesmouth, AK 37762"
8d7248e2-951f-48d0-9e84-f058d5a804eb,Jessica Potts,johngonzalez@example.net,661-799-4237x676,"3955 Shannon Bypass Suite 964, Raymondville, HI 42795"
3810ae66-5a31-44cc-8d4b-69a99b689c88,Dorothy Wade,curtismichelle@example.com,897.692.5511,"283 Tucker Motorway, Port Ericchester, WI 85718"
cc530e36-addc-4e13-ab3b-4d37560c95ee,Philip Foster,stephaniepeters@example.com,228.807.7113,"69572 Harper Canyon, Port Jason, MD 06236"
7d154385-52fb-443b-9954-6eb400257ad1,Walter Hansen,jorgegordon@example.com,921.658.6241x502,"4948 Graham Expressway Suite 728, Brownberg, AR 30629"
45df16b6-382c-443f-bcfc-9b793875394c,Michael Lozano,bryantjacob@example.org,001-351-637-3990x063,"526 Nathan Villages, Williamsberg, PA 32767"
bf85bf0e-ad64-456c-a10f-aa3ff0bbac67,Courtney Fuller,joshuahoover@example.com,001-345-496-4883,"2491 Laura Radial, Riverashire, PA 36839"
3805f907-6cd6-4193-8746-8f591b494e15,Gloria Parker,edwardfranklin@example.net,535-777-9083,"158 Joseph Place Apt. 079, East Jonathan, WA 24445"
8edddfcd-1e52-4770-bf89-7142fe716b14,Misty Meyer,markbates@example.com,+1-838-728-0405x6129,"9582 Guerrero Course, Berrystad, MT 83122"
5efa9c5b-7421-4f46-a37e-4b0122bae10e,Leslie Hall MD,kimberly34@example.org,(908)892-7396x159,"USS Edwards, FPO AP 86515"
ded255d0-bf1e-4366-8b8e-63d4ce7607ad,Jose Armstrong,martinezdavid@example.org,5919692327,"906 Amber Street Suite 481, Castilloview, MS 32606"
697c3923-87fa-441a-be83-b91f25440fe0,Maurice Perkins,ryanford@example.net,(362)794-2066,"851 Jamie Coves, Lake Amanda, PR 05802"
0b49452d-46d4-43f3-9450-281c6c6f7633,Michael Price,hoffmanpatricia@example.org,499-925-5027,"648 Vanessa Village, Lake Shannon, OR 13273"
093923de-8bab-4e3b-a628-6bfbe767dcea,Adam White,wilsonmatthew@example.com,299.480.2841x3908,"30523 Jessica Crossroad Suite 473, West Jeanport, NH 98175"
fb10987f-20ac-4703-ab67-146a77a6e17c,Nathan Ramsey,mitchell21@example.net,506.209.0691,"79649 Cole Summit, Lake Tracy, KS 45740"
ab0e664e-9c3e-42d5-91e1-aa9676f72255,Carol Chambers,millersteve@example.com,+1-657-549-8855x829,"7458 Porter Stream, Williamsshire, ME 34270"
97ac6aa8-bb24-48a3-9363-57b66f81cf4f,Beth Johnson,greenemichael@example.com,996-566-4505,"2792 Sanders Divide, East Rebeccaview, NM 52830"
dc8aee30-be60-43f7-a8be-9288e5af6e39,Sarah Clark,griffinraymond@example.org,001-769-711-2898x12317,"85748 Sierra Brook, South Lindafurt, PR 13616"
3985fb62-17dc-4eff-a872-13f98d605936,Chad Adams,donaldhahn@example.com,991.270.4542x18545,"92257 Jennifer Brook, North Crystalbury, VT 45350"
dd59ba71-36b8-4481-bb3a-4e3e7c52fa17,Nicole Harvey,taylorvictor@example.org,(663)703-9752,"640 Melanie Isle, Johnside, AR 87664"
b0b63bcf-0860-4833-879d-0cdaf396ea37,Kimberly Turner,barnestyler@example.com,001-360-720-8019x29022,"90448 Brenda Extensions Apt. 533, East Adam, GA 32571"
27cb6f2a-8da0-4097-be0f-051b1b66b5a9,Chloe Rodriguez,coxkimberly@example.com,2346281139,"034 Tiffany Port, New Valeriefort, AZ 06798"
473bd358-610e-4a64-a130-1617c2dff335,Brandi Reed,andrea74@example.com,571-358-1021,"93110 Jill Junctions, East Brandimouth, SC 43872"
668409e3-f1f8-443e-a99f-131849c8a43f,Amanda Wilson,rmiller@example.net,5398886365,"Unit 2189 Box 4559, DPO AE 50175"
c01f36bf-3e6d-458b-b367-c28de1b294de,Madison Thomas,christopherreyes@example.com,500.840.2369,"8943 Vickie Estates, West Jessicaland, IN 61882"
b8a6171f-1ee3-4dc4-bb04-8a8b405bfdc9,Kelly Harris,keithdonald@example.com,(660)578-1975,"6427 Samuel Dale Apt. 376, New William, FL 14895"
a013ac6e-deda-4e16-9b3d-bd5ce9a1fa6f,Sherry Giles,thomas54@example.org,+1-990-803-4864x5183,"4134 Michele Estates Suite 560, Michellefort, NJ 97093"
a2a9d4d8-102e-4de5-a5cc-8bf738ab854c,Tina Banks,patricia24@example.org,001-519-283-9248x481,"691 Leslie Forks, East Craigland, MS 62926"
8861fe18-58e2-4888-8a83-81bec85aca46,Amanda Flores,qjohnson@example.net,(667)993-2798x623,"061 Janet Trail Apt. 054, Campbellmouth, ME 70662"
a075e927-5110-4492-b442-7e0b61484bb3,Sara Lyons,dustinwilliams@example.com,362.297.3988x94132,"Unit 9720 Box 2170, DPO AA 43338"
f7a67b94-7b5a-411a-b1b6-4afed31edf1a,Kelsey Flores,tlopez@example.org,(212)537-2055,"00886 Laura Summit, Chavezshire, DE 80741"
a6eab79e-d21c-42f8-8ada-4f80a9e782d4,Marvin Martin DDS,holtrobert@example.com,001-523-977-7296x6563,"05278 Angel Land Suite 800, East Timothyburgh, VA 17281"
c0398710-8976-4334-a281-7efdae849217,Melissa Armstrong,khart@example.net,7642796954,"55905 Davis Key, Robertton, TN 32512"
4ac9778d-8da8-4ee4-8df5-6ac6f96b648a,Kayla Ewing,donna54@example.org,001-560-880-7063,"509 David Circle Suite 016, Maryville, FM 73349"
988c24c9-61b1-4d22-a280-1c4510435a10,Karen Wolfe,scottrosario@example.org,(466)938-3615x171,"015 Wilson Haven Suite 947, New Richard, PR 56594"
7118e364-7709-4749-927e-ecfaa79ac9aa,Timothy Davis,whitechristopher@example.com,001-602-503-5713,"0642 Taylor Island, Perezborough, KY 26613"
2812859a-1337-439e-8d4f-5d272c7f0b79,Melanie Smith,faithsparks@example.com,2402566957,"8255 King Pine, Murrayfurt, ID 18897"
32a447b2-ef04-457d-8dcc-c33aa9434aa0,Robert Zimmerman,mclaughlinjames@example.org,(839)220-4910,"4723 Cooper Place, Port Thomas, NC 93059"
af34cf65-a193-44b2-bc19-e71d118405ad,Jim White,gclark@example.org,637-896-8680x0852,"17741 Baker Camp, Jaredmouth, AR 20838"
295d6fbf-430f-401d-bad4-09e2a319dcb4,Jane Bruce,swalters@example.net,311-910-9617,"463 Kimberly Plaza, Wilsonfort, DE 46456"
f1faf665-7115-43f3-92e8-9d1028711733,Kimberly Ferguson,lcarter@example.net,2447509286,"Unit 1026 Box 2706, DPO AA 38495"
0e51f30d-c6a7-4e39-84b0-32ccd7c524a5,William Davila,michelle88@example.org,234.703.1277x220,"5970 Joy Plain Apt. 207, North Pattymouth, OR 76491"
771ad655-cdfc-4ee0-a61e-de900267deb3,Nicholas Smith DDS,jacquelinebennett@example.net,(486)729-5912x5734,"607 Tanner Prairie Apt. 747, Port Christina, NE 77868"
d0e6e660-7c69-4ee1-bb5e-4bcf15ed6269,Nicole Cole,matthew23@example.org,394-216-8006,"6974 Vazquez Spurs Suite 412, North James, GU 02583"
0769165f-e746-4cb9-8ca9-cf07b1aa0f6a,Mckenzie Macdonald,gibsonbrandon@example.com,703-392-5199x9452,"27643 Angela Falls, North Michael, LA 20116"
7e570ddf-8270-40a8-a369-b584ff5e9ff0,Andrea Reese DDS,ooneill@example.net,415.789.0429x0257,"6504 Moreno Club Apt. 219, New Marcus, MD 90281"
b24cc64f-be3e-4e57-b30a-9e32aba4fc03,Jennifer Brown,dporter@example.com,001-455-442-6190x384,"273 Brian Fall Apt. 271, Port Charlesmouth, MP 49127"
aab612c9-415d-474a-b5a6-69814104a8b5,Savannah Rice,jeanette06@example.com,561.306.5920x8814,"761 Hull Square Apt. 596, New Heather, MI 87105"
680ac07a-2a93-4d62-bc83-5dc0d9441fa5,Austin Robinson,katrina71@example.net,+1-792-441-9562,"715 Charlotte Prairie Suite 683, East Andrewville, ME 31485"
e82c7d7b-06e7-45f9-88bc-539c9f4c3b79,Mallory Mendoza,shawnsuarez@example.org,(642)464-2506,"836 Mary Knoll Apt. 666, Quinnmouth, MS 61255"
c478f6f1-b88e-4318-816d-83edad81f8bd,Scott Brennan,cynthia47@example.org,693.295.3096x90676,"849 Hubbard Well, Karenstad, DE 93157"
edcd465e-3638-4821-b6e0-7cc06c52c49f,Dakota Montes,sanchezlisa@example.com,482-814-5653x2863,"8507 Kayla Stravenue Apt. 155, Holdenburgh, NE 08557"
98ae4334-6c12-4ce8-ae34-0454cac5b68c,Adam Davis,morajamie@example.org,(450)512-4955,"90833 Jackson Throughway, Lake Coreyborough, PW 66586"
db20a56e-dc81-4fe7-8eda-8bbb71710434,Kenneth Mclaughlin,debbie75@example.net,001-446-392-6329x676,"24841 Regina Loop, West Charlesville, NY 43232"
c1581092-f335-4ba3-913a-7052986f9025,Ashley Taylor,nguyenkimberly@example.com,(529)749-3817,"840 Kelsey Cliff Suite 573, West Taylor, NH 47975"
f10c718b-1eb0-438a-a75d-d5af3c365296,Carla Bryant,erica28@example.org,443-759-8926,"Unit 6609 Box 3141, DPO AP 14917"
29a3b2e9-5d65-4441-9588-42dea2bc372f,Joseph Graham,sara76@example.net,880-918-5694x54414,"938 Byrd Falls, Amytown, MP 09407"
e2add909-c521-4f2d-9c45-d539c03f3538,Micheal Nunez,julianeal@example.org,+1-646-743-0394x290,"9252 Mills Lane Suite 287, South Penny, AL 88154"
d5385b0e-34f3-493c-8ff0-a55c6a702e2f,Shannon Cook,leslietorres@example.net,965-797-2634,"2250 James Inlet Suite 882, Montgomeryland, ID 12738"
7a0ecfea-958c-49ba-8cd6-20c20ea2622b,Lynn Lewis,janet60@example.com,(233)802-7642,"6618 Campbell Fields Suite 125, Port Sarahport, NH 86305"
e9d68f23-b489-4070-b914-f8a8bea4ff31,Jacqueline James,megan21@example.org,4748235914,"48933 Shelley Viaduct Apt. 454, Lake Lisa, NV 74762"
3ed8c56c-da09-4fa0-9282-8d8044b591f7,John Khan,danderson@example.org,(314)650-5766,"71553 Weeks Expressway Apt. 128, Brianhaven, IL 83164"
e8dd5e5a-1712-4b16-a1a4-344fbb7bee03,John Hernandez,pwest@example.org,4203095366,"8900 Marshall Rapids, Anthonyville, NM 32403"
7e8adee7-0758-4201-961e-16d16105716b,Charles Walker,nicolewright@example.org,688-356-6695,"150 Sullivan Meadows Apt. 670, Sharonville, ME 31392"
b495db4e-8245-4fb4-8ab7-706eb77350ca,Christian Hampton,lwalker@example.org,243.857.4835x268,"67398 Veronica Glen Suite 883, Tammymouth, AS 30365"
1ca3c448-0279-46a6-8f97-97b06d7ce3c9,Michael Martinez,welchkristen@example.net,282-353-1106x092,"275 John Forges, Jamesbury, VA 50060"
45c45a3e-e9da-484a-8075-9f1f87e5f0fe,Jeffrey Gilmore,jessica86@example.com,686.686.2376x0088,"378 Tiffany Creek, South Kellyshire, DC 11740"
bc0a6a5d-6e99-4e3e-a3b1-37fc0a3450fc,Diana Jackson,ramosjennifer@example.org,(469)206-3224x81554,"30109 Velez Lodge Suite 975, Orozcoport, RI 09005"
c241330b-01a9-471f-9e8a-774bcf36d58b,Steven Horne,deanjohnny@example.com,378.209.7339x7767,"830 Eddie Shoal Suite 020, Markland, AR 14773"
aee1e86b-9ea5-46aa-a1ee-6c5bdeef580f,Christopher King,laurarodriguez@example.net,689.311.7972x6999,"80036 Ortiz Street, Lake Aaron, AL 46092"
6a5e6920-bf5a-47e6-93a3-dd5a4b8c5bdc,Tyler Hart,johnsonsteven@example.net,213.907.2211x386,"2210 Stewart Station Suite 617, New Garyland, NJ 01325"
dabac50d-ca3d-4859-85ce-099c46b82659,Laura Roberts,michelle00@example.com,576.825.5032x5017,"2417 White Circle, Lake Stacey, UT 20089"
76f2dbfe-cd29-436f-a222-82e174daaebf,Penny Adams,thomas45@example.org,855-757-4696x6060,"4033 Phillips Landing, West Ronaldfurt, MD 73648"
f4188f3f-8a14-4e62-a95b-4715c333e861,David Davis,george91@example.org,001-886-477-1333x447,"343 White Turnpike, North Kelly, KS 31366"
b253d218-6c4a-47ea-8906-17f2747b6dba,Alexandria Wise,lsanders@example.org,336.726.4488x69461,"364 Valerie Via Suite 011, Warrenport, VA 56986"
0e5dd462-cbd0-4ef2-930a-37df0bc61066,James Bennett,gina49@example.net,(933)708-3344x4704,"20596 Jones Trafficway Suite 377, Claireburgh, MO 56486"
e87d1c78-e7c4-41c7-8049-7b717d106c60,Sarah Walker,wcaldwell@example.com,387.711.2166x365,"71470 Stacy Drive Apt. 590, Brownstad, WY 56876"
d5f25073-f414-42b1-a442-9ebbda7b9095,Robin Wallace,mcconnellpamela@example.org,741-952-9821x7392,"USCGC Bowers, FPO AE 88149"
ce3714af-99b4-4350-af2b-99b4d9acd158,Andrea Miller,thomas83@example.org,702-619-2378,"618 Jesse Drive, Deanfurt, AL 49241"
30cbd755-6232-417a-a507-41818d1fb540,Angela Rodriguez,michellearias@example.com,+1-594-479-5074x0717,"9503 Brandon Lock, Susanborough, ME 95052"
638c254c-076e-4bba-bc53-08bf6f92f25e,Deanna Weeks,jamie46@example.net,2668643749,"31112 Jones Plain Suite 246, Amandaport, PR 75226"
81f76d1c-2dbc-4134-830f-f46e8026695f,Cynthia Duncan,boydmaria@example.net,571-439-1559x636,"7649 Tracy Landing, West Amyfort, TX 32790"
b5b453ca-3d42-493c-8c9f-d3349bdf0377,Krystal Sullivan,ylawson@example.org,738.268.8891x78791,"57197 Johnson Ranch Apt. 201, South Nicole, WV 47491"
ddd1dfb2-3b98-4ef8-9af6-1a26146d3f31,Harry Levine,keith09@example.net,994-307-9290x4904,"4294 Hodge Bridge, New Gregshire, WA 20310"
ac9ed156-f63f-4e41-ba9a-ca5e176132ed,Brent Acosta,seth29@example.org,001-215-907-1380x6713,"04584 Evans Unions Suite 213, North Annetteburgh, MI 70190"
d0725b5c-a281-4044-af96-288295d82980,Maria Thompson,emily88@example.org,865-817-9624x09649,"604 Hunt Drive Apt. 702, Curtisberg, GA 47106"
4c955f6a-966b-4964-bcd6-bdca5876fd09,Stephanie Smith,josephbass@example.com,513.908.8983x05748,"563 Edward Mission, Roseton, AL 28400"
6e417d47-5ff5-45ea-9bc4-40f14b1a269b,Christine Meza,robert42@example.com,375.422.5920x6165,"59229 Wilson Islands, Robinsonberg, OR 42148"
a34b6cf6-2053-4a42-b1af-db65b289f224,Nancy Green,suzanne28@example.com,438.836.3816x4321,"289 Russell Estate Apt. 362, Jenniferhaven, NE 28533"
82010c62-f5f5-4b22-8e8f-a8e0284d82e5,Marissa Bennett,stricklandmichelle@example.net,(947)650-1111x7830,"267 Evans Crossroad, West Bryanside, HI 53628"
3e896c64-e117-4ac3-919c-4ea3e1805081,Ruth Walker,james62@example.com,465.427.1727,"240 Martin Fall Suite 931, North Ronald, NH 85058"
c5c5b37a-f85e-46a1-9dad-09b252c21221,Stanley Benson,icollins@example.com,+1-616-801-1241x158,"Unit 0801 Box 7986, DPO AA 93688"
46fde062-a33d-47af-9701-410d3f4b1a70,Samantha Barnes,sharonsanford@example.net,+1-225-212-0734x65495,"26086 Eric Bridge Suite 316, North Tanyamouth, MT 70850"
889b78d5-dbfd-497e-aca2-b148da330aa1,Sydney Oliver,cheryl54@example.com,+1-863-545-4434x41491,"449 Mitchell Ports, Natalieview, AK 69421"
8181a8cc-3691-47eb-89a2-688b12c136e0,Clinton Moore,brittanysmith@example.net,288.544.3448x123,"2403 Amanda Alley, Cynthiastad, MD 11412"
ccf3a171-56dc-4907-ba6c-34ab6712303a,Eric Oneal,selenabrooks@example.net,221-947-8539,"7766 Ballard Island Suite 602, Hallland, MI 11303"
e4855aa1-016b-4287-b008-05cca7f36ae9,Holly Douglas,robinpope@example.org,915-617-7345x475,"28403 Elliott Station, Kristopherburgh, OK 83586"
e49d681d-51d8-4c64-95fa-1ab8458f1f19,Kristine Schmidt,mcbridemichael@example.org,001-882-552-1293x289,"6867 Morris Stravenue Suite 014, Jasonland, AR 99482"
14296c07-f26b-4776-913e-4de2e0c53cb8,William Sutton,mckenzie86@example.com,001-808-310-8186,"4918 Daniel Shore Suite 226, North Robertport, MD 77467"
8f15ba58-fce6-4504-87f8-424daae65fc1,Christina Lewis,ggates@example.org,525.679.7067,"Unit 9601 Box 0548, DPO AA 57926"
5a104129-54ae-4d1b-8ce6-424dbef59fe6,David Anderson,lisacarpenter@example.net,520.633.0162,"USS Pearson, FPO AP 15020"
49bc473f-ed7b-4656-a18a-15368c99a894,Kristin Lewis,davidvelasquez@example.org,(832)800-1867,"987 Martinez Plaza, Port Kennethstad, MS 12682"
47378190-96da-4dac-b2ff-5d2a386ecbe0,Jerry White,nicoledavis@example.com,001-421-811-7518x689,"59222 Kayla Center, Parkermouth, LA 82611"
080aadfb-e7c9-4b26-9141-25c63a9bedd4,Stephen Adams,sanchezangela@example.org,896-971-8325x8238,"420 Sarah Orchard Suite 946, Meganborough, OR 67390"
8dedf9fb-4bb0-4f20-b27c-40266703b636,Shannon Haney,morseronald@example.org,(420)928-1237x1067,"0416 Cortez Springs Suite 859, Anneburgh, FL 38537"
8e485223-46b9-4991-a14e-b70db380c73a,Helen Myers,carl04@example.com,(777)465-7256,"6175 Bobby Dam, New Cassandra, KY 27011"
b4a69f3c-8d3a-4d99-b11c-21c9bdc14f1f,Suzanne Gutierrez,xsmith@example.org,744.744.6306x00025,"86396 Laurie Ports Suite 262, Stronghaven, GA 57832"
1a2a73ed-562b-4f79-8374-59eef50bea63,Justin Walsh,davidsonhannah@example.com,744-888-5015,"35577 Debbie Orchard, Lake Steven, VI 70882"
a9ba5a27-907b-4e36-9786-48f864de82e6,Gabriel Ross,johnmarquez@example.net,895.478.6543,"9603 Matthew Estate Suite 862, Johnsonborough, MS 74870"
07f194f9-c115-4d6d-8a4e-5b70a6d964a3,Stephanie Alvarez,angela95@example.net,925.993.9933,"162 Miller Overpass Suite 941, Priceborough, WY 36704"
6bebac31-d4f8-4d72-b382-1cfdc083b73a,Ashley Martinez,jamesreese@example.org,(811)706-3301,"3792 Roberts Springs, South Jacksontown, CO 23550"
1d53434b-b881-49b9-ae27-0da702f06b90,Christina Bates,iwagner@example.com,+1-880-906-1675,"84276 Larry Loaf, Gallaghershire, TX 64798"
74962764-12a4-4ef0-84bb-b7a9d98868dd,Kendra Torres,shannon70@example.org,+1-592-895-9660x487,"PSC 2691, Box 1633, APO AE 75309"
d56f0350-8c45-4ce2-a7f4-8ad54d0b0d1a,Sarah Moses,jennifer68@example.com,541.886.5205x7563,"75830 Murphy Land, Wesleytown, PA 36287"
935f2b0a-a138-4ddc-a2d9-de5d6a18ce4c,Sean Wang,wpierce@example.org,(994)655-1588x86367,"26408 Hines Shoal Apt. 169, Mccannchester, ID 83917"
5be6128e-18c2-4797-a142-ea7d17be3111,Julia Olsen,conleykevin@example.net,+1-858-480-3955x12405,"91450 Gutierrez Parks Apt. 574, New Kevin, DE 49550"
4e7ed827-455a-4762-b428-a656b3ee4d3b,Alexis Rodriguez,sergiothomas@example.net,455-566-8473,"377 Kim Glen, South Steventon, WY 08311"
b63b4dc3-a559-4463-b9e1-3ceab0cbc61f,Brent Huynh,whitney81@example.org,(710)331-4217,"179 Floyd Knolls Apt. 526, New Sierra, VA 02890"
c9a7d91f-ef2a-4713-9702-10496a39aaa6,Daniel Rivera,jonesjo@example.org,001-806-605-3088,"16673 Christina Avenue, Peggymouth, PW 60340"
eb1fa9f2-d10b-41d0-b317-347038f16a81,Nicholas Hall,portererin@example.com,001-933-712-6610x94101,"51762 James Overpass, Sheltonbury, ID 97776"
5cd8fe1a-dafe-48a9-bc71-e0bef3579560,Ronald Kramer,christopher90@example.com,001-859-565-9992x01237,"9542 Rebecca Lights Apt. 941, South Matthew, WY 13318"
7c441fe7-ab42-40a7-874a-493b3ceddf2d,Pamela Medina,ryanpatricia@example.net,515.969.5620x175,"5319 Stokes Forges, South Tammy, AZ 37300"
d32e6dcd-83bc-4478-9d6a-c7b86778043b,Justin Gonzalez Jr.,scott04@example.com,(264)526-1212,"753 Reed Radial, Delacruzside, AR 60951"
96fc734d-a003-4d28-8a8f-3653c9af18f8,Sheena Jones,nguyentimothy@example.net,868.821.4448,"73677 Day Drive Apt. 258, West Keith, CA 69422"
8eac0a33-cdf9-44a7-9882-b5c1f79efd70,Nicolas Graham,jeffrey44@example.com,001-304-722-7634x6019,"3472 Young Point Suite 176, East Shelby, WV 13812"
366eb16f-508e-4ad7-b7c9-3acfe059a0ee,Paul Wolfe,kristinmiller@example.com,001-408-350-1657x9055,"53817 Karen Trace, West Michael, KY 66504"
78660765-14f7-4e8d-95bc-b8d04094dded,Deborah Humphrey,hollywarner@example.org,825.632.6949,"3804 Webster Circles Apt. 175, New Katelynchester, CO 88848"
551ac8ea-585a-4afa-bbfd-cc1289e06ab3,Amanda Frank,wesleybutler@example.org,(346)530-0593x77756,"029 Robert Via, South Kennethton, VI 21357"
c1101266-2408-46dc-9346-d1a9f6802cdb,Jason Griffin,mharding@example.net,449-646-6720x108,"81822 William Ranch, Tammyberg, MH 51760"
81627cf1-4394-42e6-9a58-7e8aa25d6b29,Christopher Ingram,valerie47@example.net,(419)970-5466,"1687 Rich Springs Apt. 903, East Melissaport, MS 21237"
bec39a37-9b3d-44bd-a91e-314e0c8e29e3,Nicholas Little,allisonpeterson@example.com,+1-611-793-9781,"992 Sean Ports, West Leslieside, VI 56236"
7d7ddbed-d284-476c-ab88-f83dd97dc9cd,Mrs. Chelsea Villa,jgibson@example.net,889-863-4067x917,"15001 Rodriguez Plain, Davidville, WA 90511"
ec1b8ca1-f91e-4d4c-9ff4-9b7889463e85,Jeffery White,tjensen@example.com,981.679.2171,"3329 Durham Lock Apt. 557, Johnsonfort, DE 46565"
9793b9b4-1374-4146-b2c5-bd89b70b3420,Grace Brooks,roy97@example.net,+1-390-870-7550x476,"706 Sydney Trace Apt. 748, North Johnville, NH 50288"
271e3ee2-b1a6-41f1-a20e-99d33b33f3d8,Nicole Cortez,stefanie06@example.com,376-392-7438,"Unit 9953 Box 7660, DPO AP 14288"
42c18a62-ef48-48d5-90fd-9d3f85d51695,Jerry Jackson,gregoryrichardson@example.org,650.967.6251x53814,"96348 Savannah River, Browntown, RI 60840"
c693da11-39c6-41ca-9e50-aa42ca6dfda1,William Hughes,charlesbarnett@example.net,200-916-8094x14915,"839 May Road, North Jessica, IN 84059"
b74d0fb1-32e7-4629-8fad-c1a606cb0fb3,Julie Banks,melissahenry@example.org,(533)506-0463,"757 Ronald Trail Apt. 965, Carrshire, PA 70776"
e27a984d-6548-41d0-bfcd-9eb1a7cad415,Destiny Brown,shaun88@example.org,488.647.9513x7116,"USS Rodriguez, FPO AA 15184"
bd1531c8-3764-4bda-b108-d4482f65fafa,Joseph Rodgers,beckertheresa@example.com,001-323-633-5104x096,"15391 Linda Turnpike Apt. 074, Lake Katherine, VA 01334"
3d67cde9-2834-44c0-94c8-b3b4a911d192,Howard White,ewest@example.org,+1-320-997-4619,"8299 Wagner Stravenue Apt. 258, South Virginia, AZ 84820"
8a3c3b5e-801e-41da-85b1-ed25f1533ae8,Christopher Curtis,kimberly12@example.com,(711)240-8682,"29462 Mary Ramp Apt. 556, Port Judytown, AS 28631"
bdd640fb-0667-4ad1-9c80-317fa3b1799d,Robert Butler,kanejeremy@example.net,+1-506-404-8058x925,"9981 Ryan Turnpike Suite 225, South Ashleyton, OH 52823"
ce88cb2d-d4e8-4839-bc3e-058be0f3eab0,Melanie Long,hooderic@example.org,477.549.0509x759,"0189 Davis Glens Apt. 361, Port Jaredfurt, WI 53243"
972a8469-1641-4f82-8b9d-2434e465e150,Duane Mccormick,brian01@example.com,+1-345-410-4636x81579,"003 Cook Lock Apt. 055, Colleenbury, NY 36660"
91b0e1d9-9d92-42af-ac8d-0e44e71e43a6,Nancy Gilbert,aclark@example.org,319.222.2705,"7548 John Lock Suite 675, Marymouth, NC 10750"
63d62a39-c0e3-4efd-8c71-e0fe5a0cdd7c,Miss Gina Walton,andrew90@example.net,8516208005,"23972 Theresa Court Apt. 959, South Jasmine, FM 23765"
4223623b-cc3e-4dde-9ad5-cf06364d7c87,Melissa Wade,williamspatricia@example.com,809-910-9032,"819 Taylor Mountain Suite 281, Obrienport, AZ 52063"
24933b83-7577-40a9-a491-f0b2ea1fca65,Kathleen Golden,cartertara@example.net,(275)567-0431,"9557 Ellis Port Apt. 424, South Nathan, LA 06703"
f93e08d5-bea2-4dfe-873f-6e1baf908e3c,Kevin White,alexanderbrandy@example.net,+1-991-324-8839,"844 Cochran Turnpike Suite 367, New Wanda, NC 14238"
8beddb12-ad77-482f-89a2-3a89e6b5a92c,Elizabeth Duran DDS,jwashington@example.org,+1-697-847-4859,"841 Murray Heights, Stonemouth, IL 52755"
be2d740a-1e9b-43bc-90c7-c006314d3441,Jacob Scott,nelsondominique@example.com,001-460-919-1344x3899,"Unit 0205 Box 8695, DPO AE 63549"
4bbe4aff-9326-4ffd-9be4-bf5192698698,Bradley Jones,sabrina80@example.com,491-647-7447x3535,"71594 Gonzalez Highway Apt. 053, Dixontown, IN 26090"
541cdfcd-da0d-4a5f-948f-8b74a65bb1f2,Curtis Chapman,kproctor@example.com,+1-727-571-1952x963,"702 Bailey Estates Apt. 763, Evansland, PR 41659"
1fa382e8-895c-4d99-83b3-8eb403902c5d,Erik Nelson,kyleparker@example.com,001-768-621-2156x4952,"64411 Ellen Ridge, Schroederside, OH 11027"
3139d32c-93cd-49bf-9c94-1cf0dc98d2c1,Meghan Sellers,wrobbins@example.org,001-209-286-2405,"40369 Garrett Station Suite 666, Lake Glenn, DC 25172"
0d557b61-8a17-4dfe-bfc0-0dc804f64d86,Michelle Smith,floreskelsey@example.com,001-991-794-5757x574,"92056 Hobbs Islands, Fordmouth, NV 20513"
0de051a6-69ca-47d2-b644-14fd8ae769ed,Lisa Doyle,nfleming@example.net,477-263-3427,"217 Klein Shoal Apt. 196, Port Bobby, MA 94185"
0f844fef-1931-49ee-a56c-0941fbf24050,Charles Wright,monique89@example.com,717.991.2868,"5877 Adams Locks, East Jeffreyborough, NV 31222"
78b2b549-3bdb-409e-acc2-16a01bbc91f7,John Jackson,amills@example.com,(879)203-7161,"722 Erica Trace, Kingfort, WI 16310"
409d3602-5084-4242-968b-1625746f7891,Cheryl Hunter,colemanjohn@example.com,766-522-6540x165,"PSC 0622, Box 1224, APO AE 59735"
03edd1f8-74f9-4d17-a912-b4bf86a4bae4,Abigail Caldwell,melissadodson@example.org,+1-885-520-1362x6084,"561 Cross Turnpike Suite 055, Ashleyburgh, SC 86967"
c958e75e-21d5-4971-b367-49b52cf6bf75,Eric Russell,mandymalone@example.com,(425)521-6025,"PSC 4120, Box 9447, APO AA 24132"
94340a03-3f07-4814-91d6-3f78e3e9de99,Jennifer Murphy,coxmatthew@example.com,(334)401-6361,"718 Graves Way Suite 849, North Georgefurt, HI 45743"
709b7d97-464c-44af-bd3f-3799a07295e9,Mary Meyer,kathleen25@example.com,(429)806-0320x203,"5396 Haney Motorway Suite 871, Dianahaven, MA 44705"
4b0dbb41-8d52-48f1-942c-3fe860e7a113,Ryan Campbell,cassandra28@example.org,(515)481-4876x9639,"Unit 6153 Box 9669, DPO AA 71873"
98c7472a-864e-4a13-829c-fc0cfa02eaec,Misty Richardson,mary62@example.net,427-860-2508,"12616 Holly Expressway, Jenniferside, FM 89255"
b0b862ef-6c9f-42b9-b647-8986a3917c99,Gregory Myers,xgarcia@example.net,(630)856-4184x937,"701 Martin Wells, North Danielborough, NE 49307"
9f64eeed-5c9d-427d-84b8-71bb300568d2,Amanda Lynch,markgardner@example.org,993-953-4001x816,"5244 Rangel Lake, Joseton, GU 70196"
217d65a0-c568-41cd-9563-f61600e85ece,Patrick Lopez,carolynrobinson@example.org,390.955.0448,"6558 Mills Track Suite 127, Brooksside, PA 21820"
506e5a9a-b758-488d-ab73-295b344a54b8,Hector Smith,richardsmith@example.com,931.888.2617x0243,"2841 Douglas Mill Apt. 256, West Nicoleborough, DE 25347"
35ce8841-4973-4d6c-8dca-bfb7001a9a8b,Donald Mendoza,forbesjanet@example.com,+1-709-207-9772x7810,"221 Flowers Crest, South Danaton, MD 13277"
39118497-3a43-42ba-9f0f-06cbcb9bc326,Elizabeth Wilson,brettfernandez@example.org,544.665.1241,"197 Delgado Bypass, Robertborough, MA 08285"
a0a11839-e745-4704-98df-bc3ca0d4de3d,Matthew Howard,jessicalewis@example.com,001-877-204-1309x09153,"2542 Sandra Cliff, Port Molly, MH 11641"
a9488d99-0bbb-4599-91ce-5dd2b45ed1f0,Sarah Ward,qmoore@example.org,(401)802-7621,"278 Arnold Mission Suite 532, Jacobsshire, NM 96303"
3c20592f-c04a-46c4-b3b6-3fe1d1843324,Jennifer Wise,ronald19@example.com,757.658.5126x86120,"0740 Miranda Mount Suite 095, Ronaldport, WI 03585"
aefcfad8-efc8-4849-b3aa-7efe4458a885,Destiny Brown,dcook@example.com,827-517-3962x712,"4101 Ashley Glen, Smithfort, FL 86073"
fd08b32c-62d6-4e93-a198-5d54cfb87e6f,Matthew Ellis,woodwarderin@example.org,3817785221,"84523 Ochoa Shoals Suite 268, Greenfort, AR 15237"
b92da22b-21df-406f-8a0b-3c3336d8393a,Michael Obrien Jr.,rrodriguez@example.net,672.583.9992x19212,"08948 Smith Meadow Apt. 566, Davidhaven, NH 65456"
6786d506-38ba-4abc-8b53-05e517d2582e,Cole Duncan,huertasarah@example.net,960-957-1219x88192,"90534 Carter Walks Apt. 042, Lisaberg, KY 45057"
c0e9ab30-ed26-42e9-97e0-11b7f8102383,Tyler Davis,jenniferwilliams@example.net,855-383-9386,"5206 Smith Forest, Robinsonview, SD 82278"
15ce6a66-4dc8-4a1e-b2f9-e5fa90164161,Brian Smith,ashley32@example.org,223-842-6698,"726 Stephen Mall, Lake Scottborough, ME 74118"
44007d5a-e88d-4719-a624-2b40a5cb63a2,Richard Chandler,suehowe@example.com,(322)899-9362,"438 Joel Expressway, Denisebury, WY 76208"
1a432f0a-7daa-49f0-80b6-fce2de53790a,Tyler King,ymarks@example.com,+1-462-655-4026x3558,"176 Jenkins Harbors, Williamhaven, NY 03449"
398d1ca6-8b68-40b5-9d61-fac36cd5e859,Jesus Buchanan,timothy54@example.net,(384)972-6290x529,"160 Jennifer Crest, Thompsonmouth, TX 28690"
d72b6108-2a40-4f12-b963-f37f67814c1f,Tiffany Peterson,sandra57@example.org,+1-206-962-4813x2357,"848 Douglas Island, North Gailchester, NC 70529"
5d678bb1-945e-42e4-888a-93ec70d9c9f8,Julie Matthews,yhernandez@example.com,001-463-422-5174,"326 Daniel Village Apt. 034, Foxville, UT 50502"
bfddc3d9-9ee3-4c2a-b94d-62046808593f,Darrell Oliver,gmyers@example.org,001-947-632-3549x4012,"51225 Thomas Bridge, Pattersontown, HI 35082"
785299f4-175b-498d-b814-01027de1bdfe,Dana Mccoy,amy20@example.net,001-234-886-8839,"7287 Roger Road Apt. 141, Port Daniel, MH 99681"
9549c931-e9af-499d-bf67-1eec3da70577,Nicole Ryan,amylopez@example.org,2507524383,"9299 Brian Locks, Martinmouth, WV 57667"
5230dfbd-5553-42fe-a889-803e5913f9d3,Danielle Guerrero DVM,yolandamarks@example.net,(313)837-6052x30458,"54472 Martinez Court, Stewartton, VI 25830"
069f14f1-4018-4c6e-9a8c-fa3c5283aac7,Kevin Osborne,nathan62@example.org,371-324-7601x080,"683 Shannon Harbor, South Evanhaven, AZ 71853"
269cd696-236c-4b87-94a0-bccb8a476a87,Charles Carson,petermoore@example.com,(593)935-1342x6192,"0184 Kelsey Rapid Suite 374, New Juliamouth, FL 09728"
c342bd2b-f295-456e-9967-5f06bd767e35,Jared Chan,michellesmith@example.org,(282)712-2355x2165,"46921 Charles Ports Apt. 596, Fischerton, OH 77916"
5da8d6d2-f8b3-4a8b-a05f-b8bc8a16a06c,Alexander Craig,wmay@example.com,232-476-1794,"598 Rodriguez Camp Apt. 119, West Stephanieside, OR 12417"
ecab3301-bc8f-4d29-adea-94930658663a,Patricia Moore,reevesdouglas@example.net,569.814.3075,"4942 Shelton Islands, Lake Katrina, KS 18286"
ce177b4e-0837-48a3-9261-a7ab3aa2e4f9,Cristian Rhodes,jerry15@example.org,936-236-3179,"97265 Stephen Fields, Theresaborough, MA 17174"
65c17795-b155-46bc-9f8d-ed9756abf2f1,Diane Smith,smithrobert@example.net,964.648.6764x979,"3656 Jonathan Isle, North Richardstad, MD 92124"
f143262f-dc5c-4eed-8da0-365bf89897b9,Micheal Perkins,katelyn65@example.com,+1-496-278-4271x14773,"70269 Hernandez Road, Port Charleshaven, WI 65013"
4fa03f26-f6f7-40cc-a9ec-8e49d1bdb8c0,Sergio Riley,joseph97@example.org,001-223-216-6007x6762,"473 Johnson Groves Apt. 370, Port Annachester, OH 92637"
d6d7b3b8-3309-4d35-bf4d-f561f319c125,Helen Strickland,owright@example.org,359-678-2457x59833,"843 Henderson Viaduct, West Joseberg, LA 03814"
6502d6a2-ca6a-4224-971e-16cc5da36f1b,Beth Ellis,philliphatfield@example.net,(966)656-2241x9768,"7129 Danielle Lake Apt. 061, Vincentfort, ME 19581"
21813d25-6552-48a6-83ff-50113d1a85dd,Casey Fisher,rachel23@example.com,+1-341-267-8725x68621,"030 Jordan Ranch Apt. 674, Toddchester, IA 81452"
25c73c44-3e75-43b4-a64f-a6637e8f8095,Kathryn Rodriguez,monica23@example.com,001-210-906-8761x6481,"6056 Patterson Crossing, East Melanieshire, WV 15152"
77fc9703-1fd5-4423-b06c-5c5649e2623d,Peggy Blair,elizabeth14@example.org,948.330.9309x6713,"60221 Eric Way, Ortizberg, AR 15596"
0bd4a990-0640-4e0f-a5b8-fd4b32fa2de8,Jenny Johnson,jennifer16@example.org,794.949.8830,"2480 Browning Springs Suite 406, North Kimberly, TN 17509"
b02b61c4-a3d7-4628-ace6-6fa2fd5166e6,Kevin Meyers,wilsonbrooke@example.net,413.765.6519,"92511 Thomas Mall, Lake Mitchell, GA 57997"
0ab54bde-20a0-4502-ae06-809725e97977,Cody Sanchez,dianewatson@example.com,505-305-3795,"318 Moran Valley, New Patriciachester, TX 99617"
9b49bd26-df57-459a-8715-a10343dac043,David Peterson,kayla84@example.org,001-289-310-7711x991,"52478 Oconnor Courts, Lake Michael, GU 18559"
2a45c2ab-8cbf-4db0-b264-accc79ac1b1e,Jeanette Butler,laura29@example.org,517-522-3297x1674,"4522 Lindsay Junction, Wilsonbury, DE 74161"
1dde7969-6886-43db-a634-8e784d5c55c7,George Garner,taylorkaylee@example.com,651.423.9597x8155,"972 Jessica Brook, West Kristin, NE 99903"
bc10fa52-bf5d-4fdf-89c8-d2ab6b44fa8d,Gina Diaz,susanhenry@example.com,8505791815,"3466 Bennett Overpass, South Damonside, NJ 80410"
e0ccedc5-f05d-476e-9a84-a51aa9d3d7c7,Jessica Brown,batescharles@example.net,(802)452-1310,"284 Jenkins Junction Suite 041, North Nicole, AZ 79691"
1986b4b2-70b7-4868-9854-80f0dfcaf0b7,Mrs. Candice Joseph,walterskaren@example.com,425-789-2225x606,"3731 Amanda Groves, Suttonfort, KY 14203"
e9ff1cae-41c8-4a8c-aa1f-955ad499da99,Andrew Powell,philliphayden@example.net,(635)934-8486,"USS Gordon, FPO AE 29861"
5e6fea07-c453-4f1d-8199-2fdfb31022f0,Adam Burton,joseph58@example.com,(339)645-3546,"863 Daniel Loaf Apt. 339, Marissaborough, FM 78260"
48ca7651-92f5-4f7b-8323-d342df6a8f93,Monica Richardson,mariahill@example.net,(579)505-0404,"PSC 3538, Box 4951, APO AA 95980"
046a0df5-cafd-4613-b2bb-912d7da67785,Lisa Montes,gayfrancis@example.com,(888)337-5056,"23979 Theresa Summit Apt. 787, Morrisstad, ID 06001"
afbb411a-a123-4a8c-93b7-a88612f70c97,Katrina White,washingtonmelanie@example.com,001-982-593-8440x13480,"8826 Jason Rue, Christinaville, AR 13932"
dfed2c43-e256-46dc-8f54-86b7c7b5b2bc,Derek Mcintosh,gomezjason@example.com,568.850.7451x06634,"978 Rodriguez Causeway Apt. 131, North Barbarabury, CA 70248"
405cacec-8774-49a9-b7d2-1e02ff01cf99,Benjamin Randall,xcrosby@example.org,8718678112,"215 Matthew Ranch, Martinezchester, VA 65920"
74eff545-3e65-4603-b8e3-654bfaf14ff0,Lindsay Preston,tapiawendy@example.com,001-286-819-0254x76022,"54120 Elizabeth Falls Suite 595, North Ericchester, WV 92203"
7c16128d-b2c0-4394-a17f-29e170286046,Thomas Young,sarah31@example.net,207.246.8235x46951,"6205 Harding Summit, Kimland, MA 03062"
5a8aaeca-1a50-4ec3-aabc-25fa3fe12e47,Daniel Garza,kathleen47@example.net,(581)823-5679,"2491 Steven Coves Apt. 307, West Anthony, TN 70085"
9c7c7377-79a2-4903-bbe3-3b243eae0032,Joel Tyler,colton30@example.net,231-794-9796x95867,"2773 Emily Glens Suite 091, Hoffmanstad, CO 27705"
a5d04d53-1e12-42e3-b272-92b6762172ed,Margaret Mullins,davisautumn@example.org,+1-927-211-5261x053,"00716 Becker Avenue, Scottland, FM 66584"
9360715f-c3fe-4183-a172-b725db52ca58,Jeffrey Garza,bentongeorge@example.net,280.957.2151x494,"3748 Rivera Port, Thomasside, TX 77423"
a6f2f7b8-0cf3-4b58-9910-8be58ce21ea3,Christopher Clark,murraycharles@example.net,+1-976-956-3600x41257,"727 Skinner Extension, New Craigport, DE 70579"
517400f8-0b2c-482a-a928-8e92c68a152f,Michelle Mooney,stacey53@example.com,(697)446-6986x163,"5080 Schaefer River Suite 815, Port Raymond, FL 42849"
7ed70ed7-b194-490b-a961-929e546e035a,Kimberly Jensen,hollyperkins@example.net,+1-687-748-6941x559,"19292 Megan Tunnel, Vangbury, UT 50503"
4d57d880-d865-469a-b4f3-310340066ff2,Barbara Hall,kevin42@example.net,+1-206-874-5686x524,"55996 Taylor Manors, East Sheila, HI 16869"
a2607723-17a0-4f49-8d01-280fd89a40c0,Cindy Lewis,cisnerosgabriela@example.com,521-621-4614x768,"65423 Mcmahon Orchard, Nicholsburgh, UT 57751"
2cd94cbb-c19a-458c-835b-1c8c0a4c9f7f,Lauren Barr,eroman@example.net,326-320-3708x782,"041 Joe Spur, Lesterville, CO 58756"
56666f9f-53ac-4ab9-b467-2cd9362f5e5c,Taylor Williams II,jose65@example.org,871-558-0290x904,"PSC 6604, Box 6558, APO AA 53872"
beb79919-3f22-4af8-a3be-d01d43cf2fde,Duane Huber,jennifermitchell@example.org,001-422-531-0592x745,"552 West Estates, Davidtown, MO 65960"
134c6c92-ec5b-427c-9fde-4fbf3ff350bf,Matthew Jones,woodalex@example.com,(862)912-8671x63234,"387 Harris Divide Suite 169, New Mark, OK 64851"
7412b293-4729-4739-a14f-f3d719db3ad0,Jacqueline Thompson,toddlloyd@example.org,212-692-7663x72395,"27674 Reese Terrace, South Frances, MS 62706"
11a72609-5edd-4bbf-a959-76636daa2e68,Tamara Wyatt,ydixon@example.net,001-989-799-2751,"4449 Lawrence Islands, New James, ME 25646"
2a25a888-0f02-4ad0-a706-7ef466aa9385,Rebecca Horton MD,lboyd@example.com,+1-501-571-3023x2129,"742 John Fall Apt. 449, Faulknerborough, KY 63569"
7746d0ba-8ae8-405b-94b4-a48268586eba,James Garner,deborah77@example.net,906.660.3920x51460,"3470 Ellis Roads Suite 238, Joystad, WI 23052"
10f1bc81-448a-4a9e-a6b2-bc5b50c187fc,Keith Ramirez,yorkstephen@example.org,001-953-549-2929x83168,"0633 Hamilton Forges Apt. 906, North Vickiehaven, AZ 56298"
0f1259e0-a18f-46b6-b535-106e122c9a56,Tristan Gregory,mendezmark@example.org,001-204-561-5265x461,"8861 Brown Mountain, Jonestown, MT 83540"
5ab33edf-6e59-4ed3-a8b3-17fa18d0752b,Wesley Holmes,brianhunter@example.net,9659333153,"959 Barnes Estates Apt. 707, North Danielle, UT 30683"
a748dbcf-ac61-4e63-8dde-29a6baa4b71a,Alisha Byrd,hpena@example.com,847.335.5289,"38655 Rowland Gardens, Port Christinaborough, PR 70685"
30e912f2-f2b4-4abf-8441-aefd0299436a,Jennifer Townsend,jennifer95@example.com,6178833258,"0798 Ryan Throughway, Williamsmouth, AK 53891"
f065c817-687a-4850-9d9b-62317d45d8ef,Caitlin Armstrong,pwalker@example.org,696-702-6676x5272,"Unit 9749 Box 9507, DPO AP 00575"
5380b904-688c-4015-aab9-7e494f2d4796,Johnny Jenkins,mary05@example.net,001-996-704-3878,"USNS Morris, FPO AP 63808"
eec259dc-7f95-497c-a76a-a6ced50755d9,Emily Dawson,jeremy29@example.net,969.389.3652x944,"827 Linda Valleys, East Rachelland, AZ 34293"
54c63cd8-8945-4f27-97fa-2d8dfb2ca025,Mary Johnson,sharon95@example.com,001-993-805-9660x18648,"67320 Marsh Harbor Apt. 384, Ashleyton, RI 36450"
f1043785-658b-4523-a014-1de9f54ad0a2,Victoria Perez,smoore@example.org,001-308-517-2143x643,"1321 Jon Crest, Duffyfurt, AL 91965"
7b85179a-d5b0-47e0-aa5d-932b45ff2c83,William Velez,richard28@example.org,750-877-4065x79551,"090 Barrera Islands, North Trevorport, VA 04112"
37bb3eec-4bf5-4b52-b09d-258c27a0c3d7,Mary Alvarez,akeller@example.net,905-305-7397x69156,"328 David Underpass Apt. 487, South Stephanie, NJ 87354"
e726be23-e776-4886-9534-ee1d7f2984f5,Lauren Walker,christopher58@example.net,001-307-205-3260x11939,"742 Bailey Gardens, Williamston, UT 70115"
59e4b671-4774-4c58-85f8-bc16f7860b50,Cameron White,edwardscarrie@example.org,529-967-1114x8375,"438 Flores Plains Apt. 056, Ramirezborough, PW 18475"
6a34c854-1071-4d51-b6c5-9dacb4d7e28e,Diana Ramsey,rebecca85@example.com,+1-345-910-1739x73964,"860 Brittany Underpass Apt. 911, West Betty, VT 79643"
5715bd6f-a416-4293-84c2-e2e3444ea7c8,Matthew Watkins,meltondanny@example.org,6852076986,"6965 Lindsey Courts, West Tyler, AS 87976"
43d88870-f81d-4aa1-8812-0a8e78308930,Tracey Nichols,awong@example.com,739.643.1916,"31202 Brenda Knoll Apt. 576, Victoriashire, SC 60282"
453e50e0-232e-44ea-9fe3-28d550be6294,Nicolas Pelaez,nicolas.pelaez@example.com,2327115355,"219 Kevin Shores, New Melissafort, PW 78001"
3eabedcb-baa8-4dd4-88bd-64072bcfbe01,Eric Brown,diazmelissa@example.com,674-832-8063,"PSC 5717, Box 3203, APO AE 94838"
7c0e8cd8-8573-4793-8715-b2b9c40c5d91,Scott Pacheco,collinsterrance@example.com,(558)459-1779,"31164 John Glen, Lake Donna, MA 93622"
e08596db-1d87-4966-8710-d430f071d879,Matthew Patton,martinezashley@example.com,527-870-7070x578,"9851 White Trafficway, Jordanfort, DC 30309"
5c62b3a2-3a3c-463e-8bd6-cee631b1b099,Lisa Wilkerson,ambermiller@example.net,+1-814-945-8220,"31829 Jones Stravenue, Lake Kathleenmouth, GA 89805"
81f631d4-a392-41a7-9777-a4774c66e0a8,Ryan Love,hollowayholly@example.net,456-998-5700,"63459 Daniel Gateway, Port Brooke, MT 42365"
624c69b6-b244-45a7-b7e5-848131c681ec,Danny Lynch,greenejessica@example.org,493-929-7150x96883,"73524 Patricia Ford, Stevensmouth, IA 23684"
bfbf397b-ac3e-4b0d-9e5b-a13d746cdb77,Julie Smith,ohall@example.com,+1-894-888-2188x49680,"1102 Eugene Wells, Larryview, CO 95686"
9191b363-4e2d-4645-adc7-cac7fd72b050,Sharon Morris,michellecarter@example.org,364-840-3734,"77822 Alexis Estates, South Patriciashire, ND 24407"
d56ce8ea-1959-4b5a-a7a8-f6366a35df59,Jimmy King,nicholas31@example.com,(594)276-3808,"0259 Rodriguez Rapids Apt. 932, Haynesfort, HI 71400"
75b17a55-d426-4982-a43e-4288a2b5b498,Stephanie Lowery,daniel34@example.com,001-996-973-3116,"608 Harris Spring Suite 685, Andrewhaven, RI 51343"
7394988f-847f-49b4-a64d-1bcb702753a1,Leah Stone,lwiggins@example.com,+1-367-576-2282x7728,"285 Carolyn Lodge, North Mikeport, AZ 69022"
e87466d7-ad66-41bd-9367-6a024fdc6e1b,Melanie Preston,william29@example.com,+1-229-323-6161,"235 Wilson Street Suite 868, Robinsonstad, WA 53978"
7914c120-c8dc-419f-be35-11287900f7f9,Pamela Garrett,millerbruce@example.org,(251)620-7049x6110,"96399 Shawn Mountain Suite 991, Debratown, NH 68293"
ff50bde4-3825-47b8-9cab-cc97663f1c97,Mrs. Toni Avila,smithdanielle@example.com,(628)979-2326x48704,"00244 Martinez Shores Suite 627, North David, KY 65126"
2e85cb21-7631-4e9d-9de9-f86322bd3388,Lauren Clayton,lmorgan@example.com,918-622-2618x9628,"27102 Kennedy Neck, Port Andrew, UT 47999"
766ecb15-474e-4c19-aef9-12766c006f61,Latoya Johnson,ericcisneros@example.com,001-899-596-6361,"741 Damon Plaza Apt. 097, East Jamesfurt, LA 27487"
3d114802-2702-478b-9f0f-da8d05379ff6,Mathew Fisher,steven27@example.net,(682)497-5147x4397,"10587 Thomas Village Suite 806, Randallmouth, RI 05027"
bd9c66b3-ad3c-4d6d-9a3d-1fa7bc8960a9,James Todd,rodriguezbrian@example.net,(740)551-4770,"88487 Heather Skyway, South Brandyhaven, AZ 33984"
770c7798-37cc-463b-b2a0-345990604f62,Anthony Vega,williamsmegan@example.org,600.933.2285x5660,"103 Jason Prairie Suite 051, Williamburgh, MO 28390"
1fe771d6-d917-4793-a9d3-c2e6505cc686,Jonathan Warner,vsmith@example.net,+1-621-696-3945x680,"9764 Davis Lodge, Timothyside, NY 32563"
a8aa7158-2b70-4525-bc67-f831cbc84759,Jose Nielsen,stephaniebradley@example.org,(450)914-2576,"24412 Michaela Mews, Lake Johnside, PR 49555"
702cdd20-2862-48b8-88f4-ef125e9953d2,Ariel Rose,morrisonnicholas@example.org,200-223-1429,"USS Daniels, FPO AA 93228"
118a9d29-2f92-4996-99f1-95d014822f53,Alicia Hawkins,lbrown@example.net,001-213-412-9208x751,"84011 Cox Plains, South Tiffany, TN 00512"
17fc695a-07a0-4a6e-8822-e8f36c031199,Lori Johns,raymondstacy@example.org,(856)521-6893,"9578 Jamie Dam Apt. 248, South Wendy, WI 19526"
3d225c30-b28f-41de-bb14-0bc3304b8590,Jesse Anderson,paulhamilton@example.org,742-643-6258,"880 Avery Ranch, Lake Cindychester, FL 84317"
c71d5e60-1d52-46ab-b7e6-427cbf780e3f,Tara Turner,kdaniel@example.org,2536365146,"2473 Samantha Summit, South Gregville, CO 95503"
1d0bc9bd-e9b5-45cf-9766-5cdafe049059,Trevor Stevens,margaretramirez@example.com,(382)989-5400,"47312 Jones Plains, Adamland, AR 46563"
451b4cf3-6123-4df7-b656-af7229d4beef,Cynthia Price PhD,victor70@example.org,205-406-1387x82931,"9032 Gerald Causeway, Loriville, NH 80615"
1d48a071-ab61-47b1-b93b-4c3220500494,Erica Avila,warebrian@example.net,001-727-711-2218x231,"1768 Alicia Row Suite 281, South Erik, WV 34678"
371ecd7b-27cd-4130-8722-9389571aa876,Kendra Miller,ronald54@example.net,001-995-429-9787,"430 Andrew Road, Lake Melaniechester, MT 06463"
7cea2045-c268-483e-a32f-2e63b7fddd71,Samuel Bailey,crystal65@example.com,892.320.3004x4964,"002 Rodriguez Tunnel, East Jessicamouth, MA 52075"
1825bc54-30be-445f-a835-14f2ceb81f9d,Corey Garcia,watkinsmary@example.net,(584)456-7972,"49685 Silva Plains, East Terrance, PA 45445"
39669fa7-5997-4043-b3b1-025bfff9f585,Paul Barnes,markskristina@example.com,+1-826-950-6229x2310,"07624 Perez Oval Suite 662, Costaton, MI 14396"
9a1de644-815e-46d1-bb8f-aa1837f8a88b,Krystal Moore,grantstacy@example.org,(652)405-6647,"20994 Caitlyn Fort, West Christopherfort, DC 66341"
19985f15-ff00-4d4d-9020-59e4ff9ab5c2,Joshua King,patricia71@example.com,476-688-0294,"367 Gabriel Terrace, Hartfurt, MO 80090"
0986bbeb-f23e-423d-8b9b-d93423c86d30,Wanda Ingram,dmejia@example.org,9513710730,"783 Beck Circle Apt. 175, Tiffanyhaven, AK 24842"
a9f948b2-4e63-44bb-be49-3f43b118f68d,Vicki Hester,charles44@example.com,3047521289,"5129 Brandi Common Apt. 044, Port Jennifershire, VI 91003"
6d3ee1dc-8139-4443-a45b-712eb8225688,Jessica Hill,vpreston@example.org,+1-251-829-5786x0694,"6243 Patel Shoal, Port Lorraine, MI 94204"
5958a499-eeea-463e-a1e8-ac6843e42caf,Stacey Baker,rickycarr@example.com,3058342408,"USNV Berg, FPO AP 79713"
b4323070-a23d-4c2f-82a7-96891933918c,William Perkins,davisjennifer@example.org,+1-724-605-0764x87177,"0658 Amanda Mill, Port Erica, SC 19943"
e3c43657-1d8c-4bac-83b4-09ef2260e70f,Kathy Smith,dfrazier@example.net,001-449-584-3624x186,"62891 Woods Shoal, Wilcoxburgh, AR 49191"
1dba1267-7e1c-45a1-bef5-18a64dead645,Elizabeth Jones,wesley57@example.net,(860)429-2546,"PSC 2884, Box 0766, APO AA 18340"
5f987c71-a65e-488e-abf3-ad39fec21bbe,Dr. Virginia Cunningham,michaelmitchell@example.net,001-526-783-1589,"661 Bryan Curve, Lewisland, MN 89213"
750cab75-4ccc-4bc2-a53f-8a28abf3e3fc,Jorge Wright,linvirginia@example.org,+1-863-271-8923x92312,"60931 Omar Pine, Isabelbury, IN 44564"
ccc56569-f9e8-4369-a999-b735dd56cc94,Joseph Beck,rrodriguez@example.net,001-502-363-2570x3965,"148 Archer Wells Apt. 455, Lawrenceview, ME 25479"
9c2e58de-ea4e-4617-93f8-382b8fb864e4,Debbie Estrada,pricescott@example.net,(316)891-3952x150,"PSC 2610, Box 7033, APO AA 06585"
6fa17735-b572-43d0-8b5c-ea6a41357e8c,John Walker,keithhardin@example.net,001-513-242-1388x20908,"3496 Meyer Village, Phillipsville, VT 93080"
71d79665-7181-4dcf-b79e-fc6e5edb0d3c,Andrew Pacheco,maurice01@example.net,001-535-545-0369x8884,"24362 Anderson Valleys, West Anneside, SD 30711"
01d74256-3860-4ab6-96a4-02f23ae8cc93,Timothy White,hilljamie@example.net,001-971-289-5690,"0856 Davis Courts, West Douglas, KS 12248"
085b15fb-4a8f-4810-b84c-2f29980402a2,Danny Esparza,castropeter@example.com,7789468509,"3034 Natalie Passage Apt. 179, Martinborough, NC 92865"
43b7a3a6-9a8d-4a03-980d-7b71d8f56413,Paula Gentry,zhunter@example.com,923.857.8452x18230,"40915 Small Cove, Andrewport, SC 28005"
f2e9702d-11e9-4daa-ae69-81a35d3d9e56,Dean Brown,vchandler@example.net,3477639283,"061 Barr Trafficway, Lake Brandonborough, MN 70686"
b0e6a969-e213-42b0-b1ee-dba313432e61,Mary Hill,courtneylittle@example.net,417-391-1244,"61706 Tommy Road Apt. 366, Cynthiamouth, AS 21617"
4767d76c-162f-4a24-af43-613cd4aac9a3,Allison Powell,ureed@example.com,(308)491-7768x089,"USCGC Rivera, FPO AP 58154"
a6846099-f729-4951-8591-31d2bbda0242,Derrick Buck,timothy23@example.net,+1-289-683-0650x3121,"2426 Pitts Ferry Apt. 642, East Monicaton, OK 86303"
9854ce4e-4ebf-45c3-8ae9-b4a72a79ea68,Michelle Lewis,devon88@example.org,(520)412-5608,"8797 Bailey Fords, Elizabethstad, HI 31538"
ebd34616-91b7-4d8e-9301-6989bfbbb17f,Jennifer Brown,harrisjoshua@example.com,761.499.5171,"USS Johnson, FPO AE 84768"
6601ddd0-3170-4437-a8f7-ef5a060edf5b,Joshua Gross,youngcharles@example.net,+1-205-316-9918x724,"567 Harrington Wells, North Sarah, AK 26213"
287d06ca-6f4c-469a-8b22-d3081c8eaee9,Lucas Cox,oharris@example.org,+1-334-340-4963,"98763 Flynn Run Suite 846, Jamesfurt, KS 82416"
90e0f4a0-fbdd-4933-8bd5-8bf61efd76e9,Richard Rodriguez,brenda04@example.org,337-433-7773x12688,"78192 Courtney Loop, Sharonview, MT 08322"
